ID,quarter,year,age,sex,race,fam_income,has_partner,education,n_child,age_youngest,region,partner_working,elder_in_HH,metropolitan,treatment,pair_id
20190807191085,3,2019,41,female,black,75000,TRUE,Bachelors,2,4,South,employed,FALSE,metropolitan,FALSE,1
20190806191199,3,2019,28,male,white,60000,TRUE,HS,2,1,South,employed,FALSE,metropolitan,FALSE,2
20190707191919,3,2019,36,male,asian,100000,TRUE,Bachelors,1,1,South,not employed,FALSE,metropolitan,FALSE,3
20190706191967,3,2019,39,female,black,75000,FALSE,Bachelors,2,10,Northeast,"NA",FALSE,metropolitan,FALSE,4
20190806190506,3,2019,40,male,white,100000,TRUE,Bachelors,3,5,South,not employed,FALSE,metropolitan,FALSE,5
20190908191044,3,2019,37,male,white,150000,TRUE,Masters,2,6,Northeast,employed,FALSE,metropolitan,FALSE,6
20190807192388,3,2019,35,male,white,150000,TRUE,Bachelors,2,3,West,not employed,FALSE,metropolitan,FALSE,7
20190908190550,3,2019,33,female,white,150000,TRUE,Bachelors,1,4,Midwest,employed,FALSE,metropolitan,FALSE,8
20190707190094,3,2019,38,female,white,20000,FALSE,Some college,1,8,Midwest,"NA",FALSE,metropolitan,FALSE,9
20190909191118,3,2019,34,male,white,35000,FALSE,HS,1,4,South,"NA",FALSE,metropolitan,FALSE,10
20190807191347,3,2019,32,female,white,40000,TRUE,Some college,3,8,South,employed,FALSE,non-metropolitan,FALSE,11
20190807192373,3,2019,31,male,white,60000,TRUE,Bachelors,3,0,South,not employed,FALSE,metropolitan,FALSE,12
20190706192112,3,2019,29,male,white,100000,TRUE,Some college,2,2,South,not employed,FALSE,metropolitan,FALSE,13
20190807192246,3,2019,26,female,white,30000,FALSE,HS,1,6,South,"NA",FALSE,metropolitan,FALSE,14
20190807191068,3,2019,20,male,white,75000,FALSE,HS,2,9,South,"NA",TRUE,metropolitan,FALSE,16
20190908191444,3,2019,20,female,white,35000,FALSE,HS,1,11,West,"NA",TRUE,metropolitan,FALSE,17
20190807191038,3,2019,16,male,white,75000,FALSE,Did not graduate from HS,3,11,Midwest,"NA",TRUE,metropolitan,FALSE,19
20190705190135,3,2019,39,female,asian,60000,TRUE,Bachelors,2,9,Midwest,employed,FALSE,metropolitan,FALSE,20
20190807190045,3,2019,43,male,black,150000,TRUE,Bachelors,3,11,Northeast,not employed,FALSE,metropolitan,FALSE,21
20190807190548,3,2019,32,female,white,30000,TRUE,HS,3,2,South,employed,FALSE,metropolitan,FALSE,22
20190908192103,3,2019,43,male,white,150000,TRUE,Bachelors,3,4,West,employed,FALSE,metropolitan,FALSE,23
20190806191324,3,2019,40,female,white,100000,TRUE,Masters,1,0,West,employed,FALSE,metropolitan,FALSE,24
20190806191362,3,2019,27,male,white,60000,TRUE,Bachelors,1,1,South,employed,FALSE,metropolitan,FALSE,25
20190705192307,3,2019,40,male,white,150000,TRUE,Doctoral,2,5,Midwest,employed,FALSE,non-metropolitan,FALSE,26
20190705191852,3,2019,43,female,white,5000,TRUE,Some college,2,8,West,employed,FALSE,metropolitan,FALSE,27
20190807191809,3,2019,38,female,white,150000,TRUE,Bachelors,2,3,West,employed,FALSE,metropolitan,FALSE,29
20190807191148,3,2019,34,female,white,60000,TRUE,Some college,2,4,Midwest,employed,FALSE,metropolitan,FALSE,30
20190706190984,3,2019,61,female,white,15000,FALSE,Did not graduate from HS,1,4,South,"NA",FALSE,metropolitan,FALSE,31
20190705192327,3,2019,40,male,white,100000,TRUE,Bachelors,3,7,Midwest,employed,FALSE,non-metropolitan,FALSE,32
20190705190135,3,2019,39,female,asian,60000,TRUE,Bachelors,2,9,Midwest,employed,FALSE,metropolitan,FALSE,34
20190807191602,3,2019,48,male,white,100000,TRUE,HS,2,9,Northeast,employed,FALSE,non-metropolitan,FALSE,35
20190909191495,3,2019,49,female,white,50000,FALSE,Some college,1,9,West,"NA",FALSE,metropolitan,FALSE,36
20190909191277,3,2019,40,male,white,100000,TRUE,Bachelors,1,1,South,employed,FALSE,metropolitan,FALSE,37
20190705191896,3,2019,33,female,white,50000,TRUE,HS,1,11,South,employed,FALSE,non-metropolitan,FALSE,38
20190706190033,3,2019,32,female,black,10000,FALSE,HS,4,0,Midwest,"NA",FALSE,metropolitan,FALSE,39
20190806190714,3,2019,33,male,white,100000,TRUE,Some college,1,3,West,employed,FALSE,metropolitan,FALSE,40
20190909191974,3,2019,37,male,white,60000,TRUE,HS,2,6,Northeast,employed,FALSE,non-metropolitan,FALSE,42
20190807192090,3,2019,28,female,white,50000,TRUE,HS,2,0,South,employed,FALSE,non-metropolitan,FALSE,43
20190807190058,3,2019,41,female,white,150000,TRUE,Bachelors,4,4,Northeast,employed,FALSE,metropolitan,FALSE,44
20190707192240,3,2019,39,female,white,100000,TRUE,Some college,2,3,West,employed,FALSE,metropolitan,FALSE,45
20190909191277,3,2019,40,male,white,100000,TRUE,Bachelors,1,1,South,employed,FALSE,metropolitan,FALSE,46
20190908191948,3,2019,28,male,white,15000,TRUE,Some college,2,2,West,employed,FALSE,metropolitan,FALSE,47
20190807192335,3,2019,36,female,white,75000,TRUE,HS,3,2,South,employed,FALSE,metropolitan,FALSE,49
20190807191980,3,2019,37,female,white,100000,TRUE,Bachelors,3,7,South,employed,FALSE,metropolitan,FALSE,50
20190909191849,3,2019,30,female,white,100000,TRUE,Masters,1,1,Midwest,employed,FALSE,metropolitan,FALSE,51
20190705190766,3,2019,29,female,black,20000,FALSE,Some college,1,6,South,"NA",FALSE,metropolitan,FALSE,52
20190706190547,3,2019,34,male,asian,35000,TRUE,Bachelors,1,3,South,not employed,FALSE,metropolitan,FALSE,53
20190705191636,3,2019,40,female,white,150000,TRUE,Masters,1,3,South,employed,FALSE,metropolitan,FALSE,54
20190807192443,3,2019,44,female,white,150000,TRUE,Masters,2,11,South,employed,FALSE,metropolitan,FALSE,55
20190807192157,3,2019,40,female,white,60000,TRUE,HS,1,10,South,employed,FALSE,metropolitan,FALSE,56
20190808190524,3,2019,31,female,white,75000,TRUE,Masters,1,0,Midwest,employed,FALSE,metropolitan,FALSE,57
20190707191583,3,2019,31,male,white,75000,TRUE,HS,2,2,South,employed,FALSE,metropolitan,FALSE,58
20190706191786,3,2019,69,female,white,150000,FALSE,Bachelors,3,5,South,"NA",FALSE,non-metropolitan,FALSE,59
20190908190648,3,2019,40,female,white,150000,TRUE,Masters,2,10,Midwest,employed,FALSE,metropolitan,FALSE,60
20190808190867,3,2019,41,male,asian,100000,TRUE,Bachelors,2,8,West,not employed,FALSE,metropolitan,FALSE,61
20190706190700,3,2019,53,male,white,150000,TRUE,Some college,2,12,West,employed,FALSE,metropolitan,FALSE,62
20190706190689,3,2019,31,male,white,150000,TRUE,Bachelors,1,1,Northeast,employed,FALSE,metropolitan,FALSE,63
20190908191948,3,2019,28,male,white,15000,TRUE,Some college,2,2,West,employed,FALSE,metropolitan,FALSE,64
20190706191013,3,2019,49,female,white,150000,TRUE,Bachelors,4,9,West,employed,FALSE,metropolitan,FALSE,65
20190707190898,3,2019,30,female,white,60000,TRUE,Bachelors,2,0,South,employed,FALSE,metropolitan,FALSE,66
20190807191801,3,2019,38,female,white,150000,TRUE,Some college,2,3,South,employed,FALSE,metropolitan,FALSE,67
20190807192359,3,2019,33,female,white,60000,TRUE,Bachelors,2,1,South,employed,FALSE,metropolitan,FALSE,68
20190908192523,3,2019,37,female,white,50000,TRUE,Some college,1,10,Northeast,not employed,FALSE,metropolitan,FALSE,69
20190807191874,3,2019,34,female,other,75000,TRUE,Some college,1,8,South,employed,FALSE,non-metropolitan,FALSE,70
20190908191698,3,2019,44,male,white,60000,TRUE,Some college,2,8,South,employed,FALSE,metropolitan,FALSE,71
20190807191148,3,2019,34,female,white,60000,TRUE,Some college,2,4,Midwest,employed,FALSE,metropolitan,FALSE,72
20190807192246,3,2019,26,female,white,30000,FALSE,HS,1,6,South,"NA",FALSE,metropolitan,FALSE,74
20190907191020,3,2019,36,male,white,30000,TRUE,HS,1,3,West,employed,FALSE,metropolitan,FALSE,75
20190706191117,3,2019,28,male,white,30000,TRUE,HS,2,3,South,not employed,FALSE,metropolitan,FALSE,76
20190705190135,3,2019,39,female,asian,60000,TRUE,Bachelors,2,9,Midwest,employed,FALSE,metropolitan,FALSE,77
20190908191205,3,2019,33,male,asian,150000,TRUE,Bachelors,1,0,Northeast,not employed,FALSE,metropolitan,FALSE,78
20190706191967,3,2019,39,female,black,75000,FALSE,Bachelors,2,10,Northeast,"NA",FALSE,metropolitan,FALSE,79
20190806191646,3,2019,35,female,white,150000,TRUE,Masters,2,3,South,employed,FALSE,metropolitan,FALSE,80
20190807191815,3,2019,40,male,white,75000,TRUE,Bachelors,2,7,South,employed,FALSE,metropolitan,FALSE,81
20190706191331,3,2019,46,male,white,150000,TRUE,Masters,2,6,West,employed,FALSE,metropolitan,FALSE,82
20190806191646,3,2019,35,female,white,150000,TRUE,Masters,2,3,South,employed,FALSE,metropolitan,FALSE,83
20190705190135,3,2019,39,female,asian,60000,TRUE,Bachelors,2,9,Midwest,employed,FALSE,metropolitan,FALSE,84
20190909192133,3,2019,31,female,white,150000,TRUE,Masters,1,0,Northeast,employed,FALSE,metropolitan,FALSE,85
20190807190608,3,2019,49,female,white,60000,FALSE,Bachelors,1,12,South,"NA",FALSE,metropolitan,FALSE,86
20190705192302,3,2019,32,female,white,75000,TRUE,Bachelors,1,2,West,employed,FALSE,metropolitan,FALSE,87
20190908191735,3,2019,55,male,white,100000,TRUE,Bachelors,3,12,Northeast,employed,FALSE,metropolitan,FALSE,89
20190807192359,3,2019,33,female,white,60000,TRUE,Bachelors,2,1,South,employed,FALSE,metropolitan,FALSE,90
20190908191980,3,2019,34,male,white,100000,TRUE,Masters,2,4,West,not employed,FALSE,metropolitan,FALSE,91
20190908191922,3,2019,41,male,white,150000,TRUE,Masters,2,2,West,employed,FALSE,metropolitan,FALSE,92
20190806190506,3,2019,40,male,white,100000,TRUE,Bachelors,3,5,South,not employed,FALSE,metropolitan,FALSE,93
20190908190870,3,2019,43,female,white,150000,TRUE,Doctoral,3,7,South,employed,FALSE,metropolitan,FALSE,94
20190707191794,3,2019,34,female,white,60000,TRUE,Some college,1,4,South,employed,FALSE,non-metropolitan,FALSE,95
20190807191068,3,2019,20,male,white,75000,FALSE,HS,2,9,South,"NA",TRUE,metropolitan,FALSE,96
20190707191561,3,2019,45,male,white,150000,TRUE,Bachelors,2,11,South,not employed,FALSE,metropolitan,FALSE,97
20190705192277,3,2019,39,female,white,25000,TRUE,Did not graduate from HS,2,9,South,employed,FALSE,metropolitan,FALSE,98
20190908192251,3,2019,32,male,black,7500,TRUE,Bachelors,2,0,South,employed,FALSE,metropolitan,FALSE,99
20190706190870,3,2019,49,female,white,150000,TRUE,Bachelors,3,10,Midwest,employed,FALSE,metropolitan,FALSE,100
20190806191545,3,2019,53,male,white,100000,TRUE,Masters,3,11,West,employed,FALSE,metropolitan,FALSE,101
20190807191400,3,2019,37,female,black,0,TRUE,HS,3,3,Midwest,employed,FALSE,metropolitan,FALSE,102
20190908192393,3,2019,48,male,white,150000,TRUE,Bachelors,2,3,Midwest,employed,FALSE,metropolitan,FALSE,103
20190908191205,3,2019,33,male,asian,150000,TRUE,Bachelors,1,0,Northeast,not employed,FALSE,metropolitan,FALSE,105
20190706191387,3,2019,66,female,white,150000,TRUE,Some college,2,7,South,not employed,FALSE,metropolitan,FALSE,106
20190908191184,3,2019,40,male,white,100000,TRUE,Bachelors,3,8,Midwest,employed,FALSE,metropolitan,FALSE,107
20190908191574,3,2019,40,female,white,35000,TRUE,Some college,2,4,South,employed,FALSE,metropolitan,FALSE,108
20190908191444,3,2019,20,female,white,35000,FALSE,HS,1,11,West,"NA",TRUE,metropolitan,FALSE,109
20190706191930,3,2019,39,male,white,100000,TRUE,Masters,3,4,Northeast,employed,FALSE,metropolitan,FALSE,110
20190807192090,3,2019,28,female,white,50000,TRUE,HS,2,0,South,employed,FALSE,non-metropolitan,FALSE,111
20190808191453,3,2019,52,female,asian,15000,FALSE,Did not graduate from HS,1,9,South,"NA",FALSE,metropolitan,FALSE,112
20190908191448,3,2019,33,male,white,50000,FALSE,Some college,2,5,South,"NA",FALSE,metropolitan,FALSE,113
20190908191735,3,2019,55,male,white,100000,TRUE,Bachelors,3,12,Northeast,employed,FALSE,metropolitan,FALSE,114
20190805192100,3,2019,50,male,white,100000,TRUE,Masters,2,6,South,not employed,FALSE,metropolitan,FALSE,115
20190706191450,3,2019,47,male,white,150000,TRUE,Some college,2,9,Midwest,employed,FALSE,metropolitan,FALSE,116
20190807192174,3,2019,51,female,white,150000,TRUE,Masters,1,12,Northeast,employed,FALSE,metropolitan,FALSE,117
20190705191636,3,2019,40,female,white,150000,TRUE,Masters,1,3,South,employed,FALSE,metropolitan,FALSE,118
20190807191815,3,2019,40,male,white,75000,TRUE,Bachelors,2,7,South,employed,FALSE,metropolitan,FALSE,119
20190806191271,3,2019,24,male,white,100000,FALSE,Some college,2,6,West,"NA",TRUE,metropolitan,FALSE,120
20190706192060,3,2019,20,male,black,75000,FALSE,HS,2,9,South,"NA",TRUE,metropolitan,FALSE,121
20190705192424,3,2019,17,female,white,60000,FALSE,Did not graduate from HS,2,0,South,"NA",TRUE,metropolitan,FALSE,122
20190707191593,3,2019,16,male,white,100000,FALSE,Did not graduate from HS,3,8,West,"NA",TRUE,metropolitan,FALSE,123
20190808192256,3,2019,17,female,white,150000,FALSE,Did not graduate from HS,3,12,Midwest,"NA",TRUE,metropolitan,FALSE,124
20190807191068,3,2019,20,male,white,75000,FALSE,HS,2,9,South,"NA",TRUE,metropolitan,FALSE,125
20190808192256,3,2019,17,female,white,150000,FALSE,Did not graduate from HS,3,12,Midwest,"NA",TRUE,metropolitan,FALSE,126
20190807192157,3,2019,40,female,white,60000,TRUE,HS,1,10,South,employed,FALSE,metropolitan,FALSE,128
20190806191839,3,2019,32,female,white,60000,TRUE,Bachelors,2,0,South,employed,FALSE,metropolitan,FALSE,129
20190806191127,3,2019,46,female,white,100000,TRUE,Some college,2,9,South,employed,FALSE,metropolitan,FALSE,130
20190807192538,3,2019,40,male,white,35000,FALSE,Some college,1,6,South,"NA",FALSE,metropolitan,FALSE,131
20190807191148,3,2019,34,female,white,60000,TRUE,Some college,2,4,Midwest,employed,FALSE,metropolitan,FALSE,132
20190908191044,3,2019,37,male,white,150000,TRUE,Masters,2,6,Northeast,employed,FALSE,metropolitan,FALSE,133
20190806192149,3,2019,28,female,white,30000,TRUE,Some college,3,0,South,employed,FALSE,metropolitan,FALSE,134
20190706190986,3,2019,33,male,white,150000,TRUE,Masters,4,3,West,employed,FALSE,metropolitan,FALSE,135
20190706192497,3,2019,46,female,white,150000,TRUE,Masters,1,7,Midwest,employed,FALSE,metropolitan,FALSE,136
20190705191777,3,2019,32,male,white,60000,TRUE,Masters,1,0,West,employed,FALSE,metropolitan,FALSE,137
20190807192388,3,2019,35,male,white,150000,TRUE,Bachelors,2,3,West,not employed,FALSE,metropolitan,FALSE,138
20190908192495,3,2019,44,male,white,75000,TRUE,Bachelors,2,9,Midwest,employed,FALSE,metropolitan,FALSE,140
20190706192010,3,2019,39,female,white,100000,TRUE,Bachelors,2,6,Midwest,employed,FALSE,metropolitan,FALSE,141
20190807190548,3,2019,32,female,white,30000,TRUE,HS,3,2,South,employed,FALSE,metropolitan,FALSE,142
20190706190870,3,2019,49,female,white,150000,TRUE,Bachelors,3,10,Midwest,employed,FALSE,metropolitan,FALSE,143
20190806191127,3,2019,46,female,white,100000,TRUE,Some college,2,9,South,employed,FALSE,metropolitan,FALSE,144
20190807190045,3,2019,43,male,black,150000,TRUE,Bachelors,3,11,Northeast,not employed,FALSE,metropolitan,FALSE,145
20190907190785,3,2019,44,female,white,40000,TRUE,Bachelors,2,4,West,employed,FALSE,metropolitan,FALSE,147
20190808191518,3,2019,29,female,asian,150000,TRUE,Masters,1,0,Northeast,employed,FALSE,metropolitan,FALSE,148
20190908190550,3,2019,33,female,white,150000,TRUE,Bachelors,1,4,Midwest,employed,FALSE,metropolitan,FALSE,149
20190807191809,3,2019,38,female,white,150000,TRUE,Bachelors,2,3,West,employed,FALSE,metropolitan,FALSE,150
20190906191319,3,2019,38,male,white,150000,TRUE,Bachelors,3,1,South,employed,FALSE,metropolitan,FALSE,151
20190808191805,3,2019,35,male,white,25000,TRUE,Some college,2,6,South,employed,FALSE,non-metropolitan,FALSE,152
20190908191574,3,2019,40,female,white,35000,TRUE,Some college,2,4,South,employed,FALSE,metropolitan,FALSE,153
20190706191134,3,2019,36,male,white,100000,TRUE,Some college,2,4,Midwest,employed,FALSE,non-metropolitan,FALSE,154
20190705190766,3,2019,29,female,black,20000,FALSE,Some college,1,6,South,"NA",FALSE,metropolitan,FALSE,155
20190807192157,3,2019,40,female,white,60000,TRUE,HS,1,10,South,employed,FALSE,metropolitan,FALSE,156
20190807191980,3,2019,37,female,white,100000,TRUE,Bachelors,3,7,South,employed,FALSE,metropolitan,FALSE,158
20190807191494,3,2019,47,male,white,150000,TRUE,Bachelors,2,7,Midwest,employed,FALSE,metropolitan,FALSE,159
20190909191974,3,2019,37,male,white,60000,TRUE,HS,2,6,Northeast,employed,FALSE,non-metropolitan,FALSE,160
20190707192240,3,2019,39,female,white,100000,TRUE,Some college,2,3,West,employed,FALSE,metropolitan,FALSE,161
20190706191331,3,2019,46,male,white,150000,TRUE,Masters,2,6,West,employed,FALSE,metropolitan,FALSE,162
20190805190898,3,2019,36,female,white,5000,TRUE,Bachelors,3,0,South,employed,FALSE,metropolitan,FALSE,163
20190705190110,3,2019,37,male,asian,100000,TRUE,Bachelors,2,2,Northeast,not employed,FALSE,metropolitan,FALSE,164
20190807191329,3,2019,39,female,white,75000,TRUE,Bachelors,2,4,South,employed,FALSE,metropolitan,FALSE,165
20190808192025,3,2019,60,female,white,30000,FALSE,HS,1,3,Midwest,"NA",FALSE,metropolitan,FALSE,166
20190908191337,3,2019,70,male,white,75000,TRUE,Some college,1,12,Midwest,employed,FALSE,non-metropolitan,FALSE,167
20190909190001,3,2019,49,male,white,75000,TRUE,Bachelors,2,3,South,employed,FALSE,metropolitan,FALSE,168
20190706191747,3,2019,43,female,black,75000,TRUE,Bachelors,2,10,South,employed,FALSE,metropolitan,FALSE,169
20190908190874,3,2019,40,female,white,100000,TRUE,Some college,2,11,South,employed,FALSE,metropolitan,FALSE,170
20190707191583,3,2019,31,male,white,75000,TRUE,HS,2,2,South,employed,FALSE,metropolitan,FALSE,171
20190909190001,3,2019,49,male,white,75000,TRUE,Bachelors,2,3,South,employed,FALSE,metropolitan,FALSE,172
20190807191364,3,2019,44,male,white,150000,TRUE,Some college,2,11,South,employed,FALSE,metropolitan,FALSE,173
20190908191206,3,2019,43,female,white,150000,TRUE,Masters,3,5,Midwest,employed,FALSE,metropolitan,FALSE,174
20190806191646,3,2019,35,female,white,150000,TRUE,Masters,2,3,South,employed,FALSE,metropolitan,FALSE,175
20190908190550,3,2019,33,female,white,150000,TRUE,Bachelors,1,4,Midwest,employed,FALSE,metropolitan,FALSE,177
20190705192302,3,2019,32,female,white,75000,TRUE,Bachelors,1,2,West,employed,FALSE,metropolitan,FALSE,178
20190705190135,3,2019,39,female,asian,60000,TRUE,Bachelors,2,9,Midwest,employed,FALSE,metropolitan,FALSE,179
20190807190915,3,2019,37,male,white,40000,FALSE,HS,1,4,Midwest,"NA",FALSE,metropolitan,FALSE,180
20190807192090,3,2019,28,female,white,50000,TRUE,HS,2,0,South,employed,FALSE,non-metropolitan,FALSE,181
20190909190876,3,2019,41,female,white,100000,TRUE,Masters,3,7,Midwest,employed,FALSE,metropolitan,FALSE,182
20190908192057,3,2019,31,male,white,60000,TRUE,Some college,2,5,South,employed,FALSE,metropolitan,FALSE,183
20190706191793,3,2019,38,female,white,150000,TRUE,Doctoral,2,6,South,employed,FALSE,metropolitan,FALSE,184
20190807192246,3,2019,26,female,white,30000,FALSE,HS,1,6,South,"NA",FALSE,metropolitan,FALSE,185
20190908191941,3,2019,59,male,white,150000,TRUE,Masters,3,8,Northeast,not employed,FALSE,metropolitan,FALSE,186
20190908192495,3,2019,44,male,white,75000,TRUE,Bachelors,2,9,Midwest,employed,FALSE,metropolitan,FALSE,187
20190907191020,3,2019,36,male,white,30000,TRUE,HS,1,3,West,employed,FALSE,metropolitan,FALSE,188
20190705190766,3,2019,29,female,black,20000,FALSE,Some college,1,6,South,"NA",FALSE,metropolitan,FALSE,189
20190808191985,3,2019,41,male,asian,150000,TRUE,Masters,2,1,Northeast,employed,FALSE,metropolitan,FALSE,190
20190807190058,3,2019,41,female,white,150000,TRUE,Bachelors,4,4,Northeast,employed,FALSE,metropolitan,FALSE,191
20190808192163,3,2019,32,female,black,75000,TRUE,Bachelors,1,0,South,employed,FALSE,non-metropolitan,FALSE,193
20190908192282,3,2019,35,male,white,100000,TRUE,Some college,1,2,South,employed,FALSE,non-metropolitan,FALSE,194
20190807191520,3,2019,47,male,white,150000,TRUE,Bachelors,2,12,Northeast,employed,FALSE,metropolitan,FALSE,195
20190807191759,3,2019,42,female,white,10000,FALSE,Bachelors,4,3,Midwest,"NA",FALSE,metropolitan,FALSE,196
20190908190503,3,2019,33,female,white,100000,TRUE,Bachelors,2,0,Northeast,employed,FALSE,metropolitan,FALSE,197
20190908190550,3,2019,33,female,white,150000,TRUE,Bachelors,1,4,Midwest,employed,FALSE,metropolitan,FALSE,198
20190909191761,3,2019,34,male,white,75000,TRUE,Some college,2,3,Northeast,employed,FALSE,non-metropolitan,FALSE,199
20190806191127,3,2019,46,female,white,100000,TRUE,Some college,2,9,South,employed,FALSE,metropolitan,FALSE,200
20190707190549,3,2019,38,female,white,100000,TRUE,Bachelors,2,0,Midwest,employed,FALSE,metropolitan,FALSE,201
20190706191270,3,2019,16,male,white,150000,FALSE,Did not graduate from HS,3,12,South,"NA",TRUE,metropolitan,FALSE,202
20190807191400,3,2019,37,female,black,0,TRUE,HS,3,3,Midwest,employed,FALSE,metropolitan,FALSE,203
20190706192022,3,2019,68,female,white,20000,FALSE,HS,1,7,Midwest,"NA",FALSE,metropolitan,FALSE,204
20190907190792,3,2019,38,female,white,150000,TRUE,Masters,1,0,Northeast,employed,FALSE,metropolitan,FALSE,205
20190706190786,3,2019,31,male,white,100000,TRUE,Bachelors,1,2,Midwest,employed,FALSE,non-metropolitan,FALSE,206
20190807192049,3,2019,45,male,white,40000,TRUE,HS,3,10,Northeast,not employed,FALSE,metropolitan,FALSE,207
20190908190550,3,2019,33,female,white,150000,TRUE,Bachelors,1,4,Midwest,employed,FALSE,metropolitan,FALSE,209
20190706190870,3,2019,49,female,white,150000,TRUE,Bachelors,3,10,Midwest,employed,FALSE,metropolitan,FALSE,210
20190807191520,3,2019,47,male,white,150000,TRUE,Bachelors,2,12,Northeast,employed,FALSE,metropolitan,FALSE,212
20190706190528,3,2019,23,female,white,60000,FALSE,Bachelors,1,5,South,"NA",TRUE,metropolitan,FALSE,213
20190908191824,3,2019,17,female,asian,150000,FALSE,Did not graduate from HS,2,11,West,"NA",TRUE,metropolitan,FALSE,214
20190807192144,3,2019,34,female,white,25000,TRUE,Did not graduate from HS,1,5,South,employed,FALSE,metropolitan,FALSE,216
20190706191747,3,2019,43,female,black,75000,TRUE,Bachelors,2,10,South,employed,FALSE,metropolitan,FALSE,217
20190706190762,3,2019,48,female,black,0,FALSE,HS,1,10,South,"NA",FALSE,metropolitan,FALSE,218
20190807190548,3,2019,32,female,white,30000,TRUE,HS,3,2,South,employed,FALSE,metropolitan,FALSE,219
20190908190503,3,2019,33,female,white,100000,TRUE,Bachelors,2,0,Northeast,employed,FALSE,metropolitan,FALSE,220
20190909190876,3,2019,41,female,white,100000,TRUE,Masters,3,7,Midwest,employed,FALSE,metropolitan,FALSE,221
20190806191172,3,2019,47,male,black,60000,TRUE,Masters,4,6,South,employed,FALSE,metropolitan,FALSE,222
20190908192251,3,2019,32,male,black,7500,TRUE,Bachelors,2,0,South,employed,FALSE,metropolitan,FALSE,223
20190706191955,3,2019,32,female,white,25000,TRUE,HS,2,2,Northeast,employed,FALSE,metropolitan,FALSE,224
20190807192049,3,2019,45,male,white,40000,TRUE,HS,3,10,Northeast,not employed,FALSE,metropolitan,FALSE,225
20190807192246,3,2019,26,female,white,30000,FALSE,HS,1,6,South,"NA",FALSE,metropolitan,FALSE,226
20190908192057,3,2019,31,male,white,60000,TRUE,Some college,2,5,South,employed,FALSE,metropolitan,FALSE,227
20190807192203,3,2019,49,male,black,35000,TRUE,Some college,2,9,Northeast,not employed,FALSE,metropolitan,FALSE,228
20190908192523,3,2019,37,female,white,50000,TRUE,Some college,1,10,Northeast,not employed,FALSE,metropolitan,FALSE,229
20190707191583,3,2019,31,male,white,75000,TRUE,HS,2,2,South,employed,FALSE,metropolitan,FALSE,230
20190705192327,3,2019,40,male,white,100000,TRUE,Bachelors,3,7,Midwest,employed,FALSE,non-metropolitan,FALSE,231
20190706191164,3,2019,48,male,asian,75000,TRUE,Bachelors,2,10,Midwest,employed,TRUE,non-metropolitan,FALSE,232
20190706190689,3,2019,31,male,white,150000,TRUE,Bachelors,1,1,Northeast,employed,FALSE,metropolitan,FALSE,233
20190706192137,3,2019,35,female,white,150000,TRUE,Masters,2,7,Northeast,employed,FALSE,metropolitan,FALSE,234
20190908191726,3,2019,16,female,white,60000,FALSE,Did not graduate from HS,3,12,West,"NA",TRUE,metropolitan,FALSE,236
20190705192135,3,2019,17,female,white,60000,FALSE,Did not graduate from HS,3,6,South,"NA",TRUE,metropolitan,FALSE,237
20190807192246,3,2019,26,female,white,30000,FALSE,HS,1,6,South,"NA",FALSE,metropolitan,FALSE,238
20190807192246,3,2019,26,female,white,30000,FALSE,HS,1,6,South,"NA",FALSE,metropolitan,FALSE,239
20190807191038,3,2019,16,male,white,75000,FALSE,Did not graduate from HS,3,11,Midwest,"NA",TRUE,metropolitan,FALSE,240
20190908191444,3,2019,20,female,white,35000,FALSE,HS,1,11,West,"NA",TRUE,metropolitan,FALSE,241
20190706191898,3,2019,25,male,white,40000,FALSE,HS,1,5,South,"NA",FALSE,metropolitan,FALSE,242
20190908191824,3,2019,17,female,asian,150000,FALSE,Did not graduate from HS,2,11,West,"NA",TRUE,metropolitan,FALSE,243
20190807192359,3,2019,33,female,white,60000,TRUE,Bachelors,2,1,South,employed,FALSE,metropolitan,FALSE,244
20190707192240,3,2019,39,female,white,100000,TRUE,Some college,2,3,West,employed,FALSE,metropolitan,FALSE,245
20190704191055,3,2019,45,female,white,100000,TRUE,Bachelors,3,3,Northeast,not employed,FALSE,metropolitan,FALSE,246
20190706192497,3,2019,46,female,white,150000,TRUE,Masters,1,7,Midwest,employed,FALSE,metropolitan,FALSE,247
20190908192287,3,2019,36,female,white,150000,TRUE,Masters,1,3,Midwest,employed,FALSE,metropolitan,FALSE,248
20190807191329,3,2019,39,female,white,75000,TRUE,Bachelors,2,4,South,employed,FALSE,metropolitan,FALSE,249
20190909190001,3,2019,49,male,white,75000,TRUE,Bachelors,2,3,South,employed,FALSE,metropolitan,FALSE,250
20190907190785,3,2019,44,female,white,40000,TRUE,Bachelors,2,4,West,employed,FALSE,metropolitan,FALSE,251
20190707190898,3,2019,30,female,white,60000,TRUE,Bachelors,2,0,South,employed,FALSE,metropolitan,FALSE,253
20190908192096,3,2019,29,male,white,25000,TRUE,Bachelors,2,1,Northeast,employed,FALSE,metropolitan,FALSE,254
20190706190668,3,2019,33,female,white,150000,TRUE,Masters,1,4,South,employed,FALSE,metropolitan,FALSE,255
20190908191044,3,2019,37,male,white,150000,TRUE,Masters,2,6,Northeast,employed,FALSE,metropolitan,FALSE,256
20190806190714,3,2019,33,male,white,100000,TRUE,Some college,1,3,West,employed,FALSE,metropolitan,FALSE,257
20190707190094,3,2019,38,female,white,20000,FALSE,Some college,1,8,Midwest,"NA",FALSE,metropolitan,FALSE,258
20190807191512,3,2019,42,male,white,75000,TRUE,Bachelors,1,12,South,employed,FALSE,metropolitan,FALSE,259
20190806192425,3,2019,42,female,white,150000,TRUE,Bachelors,1,2,South,employed,FALSE,metropolitan,FALSE,260
20190807192144,3,2019,34,female,white,25000,TRUE,Did not graduate from HS,1,5,South,employed,FALSE,metropolitan,FALSE,261
20190908191337,3,2019,70,male,white,75000,TRUE,Some college,1,12,Midwest,employed,FALSE,non-metropolitan,FALSE,262
20190807190548,3,2019,32,female,white,30000,TRUE,HS,3,2,South,employed,FALSE,metropolitan,FALSE,263
20190805190894,3,2019,42,male,white,100000,TRUE,Bachelors,4,6,West,not employed,FALSE,metropolitan,FALSE,264
20190806191779,3,2019,29,male,white,100000,TRUE,Some college,2,1,West,employed,FALSE,metropolitan,FALSE,265
20190807190015,3,2019,33,female,black,35000,TRUE,HS,3,7,Northeast,employed,FALSE,metropolitan,FALSE,266
20190808192025,3,2019,60,female,white,30000,FALSE,HS,1,3,Midwest,"NA",FALSE,metropolitan,FALSE,267
20190806192149,3,2019,28,female,white,30000,TRUE,Some college,3,0,South,employed,FALSE,metropolitan,FALSE,268
20190707190873,3,2019,44,male,white,35000,TRUE,Some college,2,4,Northeast,employed,FALSE,metropolitan,FALSE,269
20190807192246,3,2019,26,female,white,30000,FALSE,HS,1,6,South,"NA",FALSE,metropolitan,FALSE,270
20190908191448,3,2019,33,male,white,50000,FALSE,Some college,2,5,South,"NA",FALSE,metropolitan,FALSE,271
20190707190549,3,2019,38,female,white,100000,TRUE,Bachelors,2,0,Midwest,employed,FALSE,metropolitan,FALSE,272
20190807192388,3,2019,35,male,white,150000,TRUE,Bachelors,2,3,West,not employed,FALSE,metropolitan,FALSE,273
20190705192239,3,2019,29,female,white,150000,TRUE,HS,3,7,West,employed,FALSE,metropolitan,FALSE,274
20190908191922,3,2019,41,male,white,150000,TRUE,Masters,2,2,West,employed,FALSE,metropolitan,FALSE,276
20190807192157,3,2019,40,female,white,60000,TRUE,HS,1,10,South,employed,FALSE,metropolitan,FALSE,277
20190908190648,3,2019,40,female,white,150000,TRUE,Masters,2,10,Midwest,employed,FALSE,metropolitan,FALSE,278
20190807190506,3,2019,39,female,white,15000,FALSE,Did not graduate from HS,3,4,South,"NA",FALSE,metropolitan,FALSE,279
20190707191919,3,2019,36,male,asian,100000,TRUE,Bachelors,1,1,South,not employed,FALSE,metropolitan,FALSE,280
20190806191271,3,2019,24,male,white,100000,FALSE,Some college,2,6,West,"NA",TRUE,metropolitan,FALSE,281
20190906191319,3,2019,38,male,white,150000,TRUE,Bachelors,3,1,South,employed,FALSE,metropolitan,FALSE,282
20190908192158,3,2019,40,female,black,75000,TRUE,Bachelors,2,8,Northeast,employed,FALSE,metropolitan,FALSE,283
20190707190094,3,2019,38,female,white,20000,FALSE,Some college,1,8,Midwest,"NA",FALSE,metropolitan,FALSE,284
20190807191400,3,2019,37,female,black,0,TRUE,HS,3,3,Midwest,employed,FALSE,metropolitan,FALSE,285
20190908190503,3,2019,33,female,white,100000,TRUE,Bachelors,2,0,Northeast,employed,FALSE,metropolitan,FALSE,286
20190706191955,3,2019,32,female,white,25000,TRUE,HS,2,2,Northeast,employed,FALSE,metropolitan,FALSE,287
20190908192314,3,2019,42,male,white,50000,TRUE,Some college,1,8,South,employed,FALSE,metropolitan,FALSE,288
20190807191801,3,2019,38,female,white,150000,TRUE,Some college,2,3,South,employed,FALSE,metropolitan,FALSE,290
20190806192149,3,2019,28,female,white,30000,TRUE,Some college,3,0,South,employed,FALSE,metropolitan,FALSE,291
20190807191801,3,2019,38,female,white,150000,TRUE,Some college,2,3,South,employed,FALSE,metropolitan,FALSE,292
20190906191319,3,2019,38,male,white,150000,TRUE,Bachelors,3,1,South,employed,FALSE,metropolitan,FALSE,293
20190806191127,3,2019,46,female,white,100000,TRUE,Some college,2,9,South,employed,FALSE,metropolitan,FALSE,294
20190807192563,3,2019,54,male,white,100000,TRUE,HS,2,9,Midwest,employed,FALSE,metropolitan,FALSE,295
20190706191164,3,2019,48,male,asian,75000,TRUE,Bachelors,2,10,Midwest,employed,TRUE,non-metropolitan,FALSE,296
20190908191920,3,2019,34,male,white,20000,TRUE,Some college,2,5,Northeast,not employed,FALSE,non-metropolitan,FALSE,297
20190909191778,3,2019,43,female,white,100000,TRUE,Some college,2,12,West,employed,FALSE,metropolitan,FALSE,298
20190706190033,3,2019,32,female,black,10000,FALSE,HS,4,0,Midwest,"NA",FALSE,metropolitan,FALSE,299
20190807191148,3,2019,34,female,white,60000,TRUE,Some college,2,4,Midwest,employed,FALSE,metropolitan,FALSE,300
20190706191967,3,2019,39,female,black,75000,FALSE,Bachelors,2,10,Northeast,"NA",FALSE,metropolitan,FALSE,301
20190908191952,3,2019,32,female,white,100000,TRUE,Bachelors,3,0,West,employed,FALSE,metropolitan,FALSE,302
20190706191313,3,2019,30,female,white,15000,FALSE,HS,2,6,South,"NA",FALSE,metropolitan,FALSE,303
20190807190058,3,2019,41,female,white,150000,TRUE,Bachelors,4,4,Northeast,employed,FALSE,metropolitan,FALSE,304
20190806190953,3,2019,37,male,white,30000,TRUE,HS,3,12,West,employed,FALSE,non-metropolitan,FALSE,306
20190705191636,3,2019,40,female,white,150000,TRUE,Masters,1,3,South,employed,FALSE,metropolitan,FALSE,307
20190908191574,3,2019,40,female,white,35000,TRUE,Some college,2,4,South,employed,FALSE,metropolitan,FALSE,308
20190807192443,3,2019,44,female,white,150000,TRUE,Masters,2,11,South,employed,FALSE,metropolitan,FALSE,309
20190908190868,3,2019,33,male,asian,150000,TRUE,Bachelors,3,0,West,employed,FALSE,metropolitan,FALSE,310
20190807191692,3,2019,34,female,white,75000,TRUE,Bachelors,2,3,West,employed,FALSE,metropolitan,FALSE,311
20190807192442,3,2019,27,female,white,40000,TRUE,Did not graduate from HS,2,5,Northeast,employed,FALSE,metropolitan,FALSE,312
20190806192149,3,2019,28,female,white,30000,TRUE,Some college,3,0,South,employed,FALSE,metropolitan,FALSE,313
20190808190867,3,2019,41,male,asian,100000,TRUE,Bachelors,2,8,West,not employed,FALSE,metropolitan,FALSE,314
20190807191987,3,2019,52,female,white,75000,TRUE,Some college,1,3,West,employed,FALSE,metropolitan,FALSE,315
20190707191794,3,2019,34,female,white,60000,TRUE,Some college,1,4,South,employed,FALSE,non-metropolitan,FALSE,316
20190906191319,3,2019,38,male,white,150000,TRUE,Bachelors,3,1,South,employed,FALSE,metropolitan,FALSE,317
20190808191985,3,2019,41,male,asian,150000,TRUE,Masters,2,1,Northeast,employed,FALSE,metropolitan,FALSE,318
20190807191874,3,2019,34,female,other,75000,TRUE,Some college,1,8,South,employed,FALSE,non-metropolitan,FALSE,319
20190806191839,3,2019,32,female,white,60000,TRUE,Bachelors,2,0,South,employed,FALSE,metropolitan,FALSE,320
20191110192286,4,2019,43,male,black,60000,FALSE,HS,1,7,South,"NA",FALSE,non-metropolitan,FALSE,321
20191210191614,4,2019,37,male,white,150000,TRUE,Masters,1,5,South,employed,FALSE,metropolitan,FALSE,322
20191211192433,4,2019,22,male,white,50000,TRUE,Some college,1,0,Midwest,employed,FALSE,non-metropolitan,FALSE,323
20191211190851,4,2019,25,male,white,40000,TRUE,HS,1,0,South,employed,FALSE,non-metropolitan,FALSE,324
20191008190034,4,2019,22,female,white,35000,TRUE,Some college,1,5,South,employed,FALSE,metropolitan,FALSE,325
20191110190789,4,2019,45,male,white,100000,TRUE,Masters,2,9,South,employed,FALSE,metropolitan,FALSE,326
20191211191445,4,2019,47,male,white,150000,TRUE,Some college,1,10,South,not employed,FALSE,metropolitan,FALSE,328
20191110192286,4,2019,43,male,black,60000,FALSE,HS,1,7,South,"NA",FALSE,non-metropolitan,FALSE,329
20191008192067,4,2019,36,female,white,35000,TRUE,Some college,2,10,South,employed,FALSE,metropolitan,FALSE,330
20191212191102,4,2019,35,female,black,75000,FALSE,Some college,1,9,South,"NA",FALSE,metropolitan,FALSE,331
20191109191457,4,2019,49,male,white,40000,TRUE,Some college,2,7,South,not employed,FALSE,metropolitan,FALSE,332
20191211191119,4,2019,64,female,white,75000,TRUE,Some college,2,3,South,not employed,FALSE,metropolitan,FALSE,333
20191211190953,4,2019,41,female,white,100000,TRUE,Bachelors,1,7,South,employed,FALSE,metropolitan,FALSE,334
20191009191266,4,2019,43,male,white,100000,TRUE,Masters,4,8,West,employed,FALSE,metropolitan,FALSE,335
20191009191030,4,2019,51,male,white,150000,TRUE,Masters,2,12,Midwest,employed,FALSE,metropolitan,FALSE,336
20191009190013,4,2019,16,male,white,100000,FALSE,Did not graduate from HS,2,5,South,"NA",TRUE,metropolitan,FALSE,339
20191008190034,4,2019,22,female,white,35000,TRUE,Some college,1,5,South,employed,FALSE,metropolitan,FALSE,340
20191110191459,4,2019,27,female,white,25000,TRUE,Some college,4,1,Midwest,employed,FALSE,non-metropolitan,FALSE,341
20191211191783,4,2019,17,female,white,7500,FALSE,Did not graduate from HS,3,6,South,"NA",TRUE,non-metropolitan,FALSE,342
20191110190879,4,2019,16,male,white,30000,FALSE,Did not graduate from HS,4,4,West,"NA",TRUE,metropolitan,FALSE,343
20191008190034,4,2019,22,female,white,35000,TRUE,Some college,1,5,South,employed,FALSE,metropolitan,FALSE,344
20191210191937,4,2019,50,female,white,25000,FALSE,Did not graduate from HS,2,3,South,"NA",FALSE,metropolitan,FALSE,345
20191110191412,4,2019,49,female,white,100000,TRUE,Bachelors,2,12,West,employed,FALSE,metropolitan,FALSE,346
20191211191182,4,2019,42,male,white,100000,FALSE,Some college,3,11,South,"NA",FALSE,metropolitan,FALSE,347
20191210191346,4,2019,33,male,white,75000,TRUE,Some college,1,0,South,employed,FALSE,metropolitan,FALSE,348
20191009191351,4,2019,31,male,white,100000,TRUE,Masters,1,1,South,employed,FALSE,metropolitan,FALSE,349
20191110190640,4,2019,40,female,white,150000,TRUE,Masters,2,12,South,employed,FALSE,metropolitan,FALSE,350
20191010190935,4,2019,38,male,white,60000,TRUE,Some college,2,5,Midwest,employed,FALSE,metropolitan,FALSE,351
20191109190695,4,2019,34,male,white,50000,TRUE,Some college,4,5,Midwest,employed,FALSE,metropolitan,FALSE,352
20191211191769,4,2019,49,male,white,100000,TRUE,HS,2,12,West,not employed,FALSE,metropolitan,FALSE,353
20191211191405,4,2019,41,female,white,35000,TRUE,Some college,4,8,South,employed,FALSE,non-metropolitan,FALSE,354
20191010191280,4,2019,39,female,black,150000,TRUE,Bachelors,3,7,Midwest,employed,FALSE,metropolitan,FALSE,355
20191211192200,4,2019,37,female,white,50000,TRUE,Some college,2,1,South,employed,FALSE,non-metropolitan,FALSE,356
20191211190789,4,2019,39,female,white,100000,TRUE,Masters,2,4,South,employed,FALSE,metropolitan,FALSE,357
20191211191656,4,2019,47,male,white,150000,TRUE,HS,2,7,Northeast,employed,FALSE,metropolitan,FALSE,359
20191110190721,4,2019,33,male,black,35000,TRUE,Some college,3,5,Northeast,employed,FALSE,metropolitan,FALSE,360
20191211191256,4,2019,32,male,white,75000,TRUE,Some college,1,0,Midwest,employed,FALSE,metropolitan,FALSE,361
20191010191280,4,2019,39,female,black,150000,TRUE,Bachelors,3,7,Midwest,employed,FALSE,metropolitan,FALSE,362
20191009191199,4,2019,34,female,white,100000,TRUE,Bachelors,3,1,South,employed,FALSE,metropolitan,FALSE,363
20191109192220,4,2019,44,male,asian,50000,TRUE,Some college,2,8,South,employed,FALSE,metropolitan,FALSE,364
20191110191423,4,2019,32,female,black,40000,FALSE,Bachelors,1,10,South,"NA",FALSE,metropolitan,FALSE,365
20191111191650,4,2019,29,female,white,60000,TRUE,Some college,3,1,Midwest,employed,FALSE,metropolitan,FALSE,366
20191210192072,4,2019,37,male,white,60000,TRUE,Bachelors,3,5,South,not employed,FALSE,metropolitan,FALSE,367
20191212191947,4,2019,30,male,white,20000,TRUE,Did not graduate from HS,1,5,Northeast,not employed,FALSE,metropolitan,FALSE,368
20191009192170,4,2019,39,male,white,75000,TRUE,Some college,1,8,Midwest,employed,FALSE,metropolitan,FALSE,369
20191210191818,4,2019,39,female,white,100000,TRUE,Bachelors,2,4,West,employed,FALSE,metropolitan,FALSE,370
20191008192404,4,2019,33,female,white,50000,TRUE,HS,1,3,West,employed,FALSE,metropolitan,FALSE,371
20191210191346,4,2019,33,male,white,75000,TRUE,Some college,1,0,South,employed,FALSE,metropolitan,FALSE,372
20191009192445,4,2019,35,female,white,100000,TRUE,Bachelors,2,1,South,employed,FALSE,metropolitan,FALSE,373
20191009191826,4,2019,41,female,white,75000,TRUE,Bachelors,3,7,Midwest,employed,FALSE,metropolitan,FALSE,374
20191009191335,4,2019,35,female,white,100000,TRUE,Some college,1,1,Northeast,employed,FALSE,metropolitan,FALSE,376
20191110192240,4,2019,49,female,white,150000,TRUE,Some college,2,11,West,employed,FALSE,metropolitan,FALSE,377
20191210190847,4,2019,41,female,asian,75000,TRUE,Some college,2,3,West,employed,FALSE,metropolitan,FALSE,378
20191210191371,4,2019,43,male,white,20000,TRUE,Did not graduate from HS,4,10,South,not employed,FALSE,metropolitan,FALSE,379
20191009192478,4,2019,42,male,white,150000,TRUE,Bachelors,2,7,Northeast,employed,FALSE,metropolitan,FALSE,380
20191211192480,4,2019,47,male,white,100000,TRUE,HS,2,12,Midwest,not employed,FALSE,metropolitan,FALSE,381
20191110190721,4,2019,33,male,black,35000,TRUE,Some college,3,5,Northeast,employed,FALSE,metropolitan,FALSE,382
20191009191030,4,2019,51,male,white,150000,TRUE,Masters,2,12,Midwest,employed,FALSE,metropolitan,FALSE,383
20191211191943,4,2019,31,female,white,60000,TRUE,Some college,4,7,West,employed,FALSE,metropolitan,FALSE,384
20191211191762,4,2019,27,male,white,25000,TRUE,Bachelors,1,0,West,not employed,FALSE,metropolitan,FALSE,386
20191210192072,4,2019,37,male,white,60000,TRUE,Bachelors,3,5,South,not employed,FALSE,metropolitan,FALSE,387
20191110192331,4,2019,30,male,white,75000,FALSE,Some college,1,0,West,"NA",FALSE,metropolitan,FALSE,388
20191211191405,4,2019,41,female,white,35000,TRUE,Some college,4,8,South,employed,FALSE,non-metropolitan,FALSE,389
20191110191450,4,2019,43,female,asian,75000,TRUE,Bachelors,2,1,West,employed,FALSE,metropolitan,FALSE,390
20191109190993,4,2019,43,female,black,25000,TRUE,HS,2,5,South,employed,FALSE,metropolitan,FALSE,391
20191110190545,4,2019,28,male,white,75000,TRUE,Some college,1,2,South,employed,FALSE,metropolitan,FALSE,392
20191008191270,4,2019,37,male,white,100000,TRUE,Bachelors,2,0,South,employed,FALSE,metropolitan,FALSE,393
20191009191702,4,2019,42,female,white,100000,TRUE,Masters,2,12,Midwest,employed,FALSE,metropolitan,FALSE,394
20191210191255,4,2019,32,male,white,50000,TRUE,Did not graduate from HS,2,9,South,not employed,FALSE,metropolitan,FALSE,395
20191009191797,4,2019,35,female,other,150000,TRUE,Bachelors,1,6,West,employed,FALSE,metropolitan,FALSE,396
20191109190783,4,2019,38,male,white,150000,TRUE,Bachelors,1,1,West,employed,FALSE,metropolitan,FALSE,397
20191110192240,4,2019,49,female,white,150000,TRUE,Some college,2,11,West,employed,FALSE,metropolitan,FALSE,398
20191211190854,4,2019,39,male,black,15000,TRUE,Some college,2,8,South,not employed,FALSE,metropolitan,FALSE,399
20191010191266,4,2019,28,female,white,50000,TRUE,HS,3,1,West,employed,FALSE,metropolitan,FALSE,400
20191211192048,4,2019,39,female,white,30000,FALSE,Bachelors,2,9,South,"NA",FALSE,metropolitan,FALSE,401
20191110191327,4,2019,57,male,white,75000,TRUE,Did not graduate from HS,1,3,South,not employed,FALSE,metropolitan,FALSE,402
20191110192030,4,2019,58,male,white,150000,TRUE,Masters,1,12,South,employed,FALSE,metropolitan,FALSE,403
20191110191914,4,2019,37,male,white,75000,TRUE,HS,1,4,Midwest,employed,FALSE,non-metropolitan,FALSE,404
20191212191102,4,2019,35,female,black,75000,FALSE,Some college,1,9,South,"NA",FALSE,metropolitan,FALSE,405
20191211190719,4,2019,36,female,white,10000,FALSE,HS,4,5,Midwest,"NA",FALSE,metropolitan,FALSE,406
20191211191405,4,2019,41,female,white,35000,TRUE,Some college,4,8,South,employed,FALSE,non-metropolitan,FALSE,407
20191009191132,4,2019,24,male,white,75000,TRUE,Some college,1,6,South,not employed,FALSE,metropolitan,FALSE,408
20191210191818,4,2019,39,female,white,100000,TRUE,Bachelors,2,4,West,employed,FALSE,metropolitan,FALSE,410
20191110191097,4,2019,33,female,white,150000,TRUE,Bachelors,1,6,South,employed,FALSE,metropolitan,FALSE,411
20191110192030,4,2019,58,male,white,150000,TRUE,Masters,1,12,South,employed,FALSE,metropolitan,FALSE,412
20191211191480,4,2019,42,male,white,50000,TRUE,Some college,1,6,Midwest,employed,FALSE,non-metropolitan,FALSE,413
20191109192303,4,2019,46,male,asian,100000,FALSE,Bachelors,2,12,West,"NA",FALSE,metropolitan,FALSE,414
20191212190545,4,2019,38,female,white,40000,TRUE,Bachelors,2,4,South,employed,FALSE,non-metropolitan,FALSE,415
20191110192001,4,2019,43,female,white,100000,TRUE,HS,2,12,Northeast,employed,FALSE,metropolitan,FALSE,417
20191212190520,4,2019,29,male,white,40000,TRUE,Some college,1,0,Midwest,employed,FALSE,metropolitan,FALSE,418
20191212191102,4,2019,35,female,black,75000,FALSE,Some college,1,9,South,"NA",FALSE,metropolitan,FALSE,419
20191210191635,4,2019,38,female,white,150000,TRUE,Masters,3,3,West,employed,FALSE,metropolitan,FALSE,420
20191211191134,4,2019,38,male,white,150000,TRUE,Some college,3,5,Northeast,employed,FALSE,metropolitan,FALSE,421
20191110191448,4,2019,15,male,white,30000,FALSE,Did not graduate from HS,5,7,South,"NA",TRUE,metropolitan,FALSE,422
20191009191725,4,2019,16,male,white,60000,FALSE,Did not graduate from HS,2,8,Midwest,"NA",TRUE,metropolitan,FALSE,423
20191008190034,4,2019,22,female,white,35000,TRUE,Some college,1,5,South,employed,FALSE,metropolitan,FALSE,424
20191210191255,4,2019,32,male,white,50000,TRUE,Did not graduate from HS,2,9,South,not employed,FALSE,metropolitan,FALSE,425
20191210192072,4,2019,37,male,white,60000,TRUE,Bachelors,3,5,South,not employed,FALSE,metropolitan,FALSE,426
20191009190550,4,2019,36,female,white,100000,TRUE,Bachelors,1,2,South,employed,FALSE,metropolitan,FALSE,427
20191211190704,4,2019,59,female,white,75000,TRUE,HS,1,11,South,employed,FALSE,metropolitan,FALSE,428
20191210192072,4,2019,37,male,white,60000,TRUE,Bachelors,3,5,South,not employed,FALSE,metropolitan,FALSE,429
20191209191739,4,2019,47,female,white,50000,TRUE,Did not graduate from HS,4,9,Midwest,not employed,FALSE,metropolitan,FALSE,430
20191109192245,4,2019,39,male,white,150000,TRUE,Bachelors,1,8,South,employed,FALSE,metropolitan,FALSE,431
20191211191256,4,2019,32,male,white,75000,TRUE,Some college,1,0,Midwest,employed,FALSE,metropolitan,FALSE,432
20191009191826,4,2019,41,female,white,75000,TRUE,Bachelors,3,7,Midwest,employed,FALSE,metropolitan,FALSE,433
20191211191929,4,2019,55,female,white,40000,FALSE,Some college,3,8,South,"NA",FALSE,non-metropolitan,FALSE,434
20191211191256,4,2019,32,male,white,75000,TRUE,Some college,1,0,Midwest,employed,FALSE,metropolitan,FALSE,435
20191211191303,4,2019,54,female,white,150000,TRUE,Bachelors,1,12,Northeast,employed,FALSE,metropolitan,FALSE,436
20191009191776,4,2019,30,female,white,100000,TRUE,HS,3,1,Midwest,employed,FALSE,metropolitan,FALSE,437
20191211191715,4,2019,33,male,white,60000,TRUE,HS,2,8,Midwest,employed,FALSE,non-metropolitan,FALSE,438
20191009191267,4,2019,39,male,white,150000,TRUE,Bachelors,2,2,Northeast,employed,FALSE,metropolitan,FALSE,439
20191109190783,4,2019,38,male,white,150000,TRUE,Bachelors,1,1,West,employed,FALSE,metropolitan,FALSE,440
20191211191929,4,2019,55,female,white,40000,FALSE,Some college,3,8,South,"NA",FALSE,non-metropolitan,FALSE,441
20191210191818,4,2019,39,female,white,100000,TRUE,Bachelors,2,4,West,employed,FALSE,metropolitan,FALSE,442
20191009190550,4,2019,36,female,white,100000,TRUE,Bachelors,1,2,South,employed,FALSE,metropolitan,FALSE,443
20191110191915,4,2019,40,female,white,75000,TRUE,Bachelors,2,5,South,employed,FALSE,metropolitan,FALSE,444
20191009190105,4,2019,54,female,black,30000,FALSE,Bachelors,1,1,South,"NA",FALSE,metropolitan,FALSE,445
20191110191915,4,2019,40,female,white,75000,TRUE,Bachelors,2,5,South,employed,FALSE,metropolitan,FALSE,446
20191211191222,4,2019,33,female,white,50000,FALSE,Bachelors,1,5,South,"NA",FALSE,metropolitan,FALSE,447
20191211191329,4,2019,43,male,white,100000,TRUE,Bachelors,2,2,West,employed,FALSE,metropolitan,FALSE,448
20191210191204,4,2019,43,male,white,150000,TRUE,Bachelors,2,9,Midwest,employed,FALSE,metropolitan,FALSE,449
20191211191470,4,2019,36,female,white,35000,FALSE,HS,1,9,South,"NA",FALSE,non-metropolitan,FALSE,450
20191211191044,4,2019,31,female,white,40000,TRUE,Bachelors,1,2,South,employed,FALSE,metropolitan,FALSE,451
20191211192303,4,2019,41,male,white,100000,TRUE,Bachelors,2,2,Northeast,employed,FALSE,non-metropolitan,FALSE,452
20191009191777,4,2019,36,male,white,150000,TRUE,Bachelors,1,0,South,employed,FALSE,metropolitan,FALSE,453
20191009191777,4,2019,36,male,white,150000,TRUE,Bachelors,1,0,South,employed,FALSE,metropolitan,FALSE,454
20191210191228,4,2019,28,male,black,60000,TRUE,Bachelors,1,2,South,employed,FALSE,metropolitan,FALSE,455
20191211191656,4,2019,47,male,white,150000,TRUE,HS,2,7,Northeast,employed,FALSE,metropolitan,FALSE,456
20191008192067,4,2019,36,female,white,35000,TRUE,Some college,2,10,South,employed,FALSE,metropolitan,FALSE,457
20191210191301,4,2019,32,male,white,100000,TRUE,Doctoral,1,1,South,not employed,FALSE,metropolitan,FALSE,458
20191210191346,4,2019,33,male,white,75000,TRUE,Some college,1,0,South,employed,FALSE,metropolitan,FALSE,459
20191009191460,4,2019,33,female,white,25000,TRUE,HS,2,2,South,not employed,FALSE,metropolitan,FALSE,460
20191111190874,4,2019,34,female,asian,30000,TRUE,Masters,1,7,Midwest,employed,FALSE,metropolitan,FALSE,461
20191110191606,4,2019,45,female,white,100000,TRUE,Some college,1,6,South,employed,FALSE,non-metropolitan,FALSE,463
20191009190522,4,2019,31,female,white,75000,TRUE,Bachelors,1,1,Northeast,employed,FALSE,metropolitan,FALSE,464
20191110190721,4,2019,33,male,black,35000,TRUE,Some college,3,5,Northeast,employed,FALSE,metropolitan,FALSE,465
20191211190703,4,2019,35,female,white,100000,TRUE,Bachelors,1,3,Northeast,employed,FALSE,metropolitan,FALSE,466
20191008191270,4,2019,37,male,white,100000,TRUE,Bachelors,2,0,South,employed,FALSE,metropolitan,FALSE,467
20191211191715,4,2019,33,male,white,60000,TRUE,HS,2,8,Midwest,employed,FALSE,non-metropolitan,FALSE,468
20191211191929,4,2019,55,female,white,40000,FALSE,Some college,3,8,South,"NA",FALSE,non-metropolitan,FALSE,470
20191110191915,4,2019,40,female,white,75000,TRUE,Bachelors,2,5,South,employed,FALSE,metropolitan,FALSE,471
20191009192445,4,2019,35,female,white,100000,TRUE,Bachelors,2,1,South,employed,FALSE,metropolitan,FALSE,472
20191211190854,4,2019,39,male,black,15000,TRUE,Some college,2,8,South,not employed,FALSE,metropolitan,FALSE,473
20191211190050,4,2019,38,female,black,75000,TRUE,Some college,1,10,Northeast,employed,FALSE,metropolitan,FALSE,474
20191009191829,4,2019,60,female,white,150000,FALSE,Bachelors,1,5,West,"NA",FALSE,metropolitan,FALSE,475
20191110191033,4,2019,29,female,black,0,FALSE,HS,2,2,West,"NA",FALSE,metropolitan,FALSE,476
20191111191650,4,2019,29,female,white,60000,TRUE,Some college,3,1,Midwest,employed,FALSE,metropolitan,FALSE,477
20191110191218,4,2019,47,female,white,150000,TRUE,Masters,2,11,South,employed,FALSE,metropolitan,FALSE,478
20191009190502,4,2019,43,male,white,150000,TRUE,Bachelors,1,5,Northeast,employed,FALSE,metropolitan,FALSE,479
20191009192254,4,2019,40,female,black,20000,FALSE,Some college,2,3,South,"NA",FALSE,metropolitan,FALSE,480
20191211190854,4,2019,39,male,black,15000,TRUE,Some college,2,8,South,not employed,FALSE,metropolitan,FALSE,481
20191111191582,4,2019,50,male,white,60000,TRUE,Bachelors,2,10,Northeast,employed,FALSE,non-metropolitan,FALSE,482
20191110192331,4,2019,30,male,white,75000,FALSE,Some college,1,0,West,"NA",FALSE,metropolitan,FALSE,483
20191211191405,4,2019,41,female,white,35000,TRUE,Some college,4,8,South,employed,FALSE,non-metropolitan,FALSE,484
20191211191754,4,2019,30,female,white,100000,TRUE,Some college,3,5,West,employed,FALSE,non-metropolitan,FALSE,485
20191110191412,4,2019,49,female,white,100000,TRUE,Bachelors,2,12,West,employed,FALSE,metropolitan,FALSE,486
20191110190774,4,2019,35,female,asian,25000,TRUE,Bachelors,2,2,Northeast,employed,FALSE,metropolitan,FALSE,487
20191210191153,4,2019,66,male,white,150000,TRUE,Doctoral,4,8,South,employed,FALSE,metropolitan,FALSE,488
20191211191862,4,2019,40,male,asian,100000,TRUE,Masters,2,1,South,not employed,FALSE,metropolitan,FALSE,489
20191210191255,4,2019,32,male,white,50000,TRUE,Did not graduate from HS,2,9,South,not employed,FALSE,metropolitan,FALSE,490
20191211192521,4,2019,41,female,white,150000,TRUE,Doctoral,3,7,Midwest,employed,FALSE,metropolitan,FALSE,491
20191008190725,4,2019,32,female,white,100000,TRUE,Bachelors,2,3,Northeast,employed,FALSE,metropolitan,FALSE,492
20191008191318,4,2019,31,female,white,25000,FALSE,Some college,1,5,South,"NA",FALSE,non-metropolitan,FALSE,494
20191210191937,4,2019,50,female,white,25000,FALSE,Did not graduate from HS,2,3,South,"NA",FALSE,metropolitan,FALSE,495
20191110192286,4,2019,43,male,black,60000,FALSE,HS,1,7,South,"NA",FALSE,non-metropolitan,FALSE,496
20191111191582,4,2019,50,male,white,60000,TRUE,Bachelors,2,10,Northeast,employed,FALSE,non-metropolitan,FALSE,497
20191008192067,4,2019,36,female,white,35000,TRUE,Some college,2,10,South,employed,FALSE,metropolitan,FALSE,498
20191212191775,4,2019,53,female,white,12500,FALSE,Some college,2,7,West,"NA",FALSE,metropolitan,FALSE,499
20191211190099,4,2019,24,female,white,12500,TRUE,Did not graduate from HS,1,0,Midwest,employed,FALSE,non-metropolitan,FALSE,500
20191211191783,4,2019,17,female,white,7500,FALSE,Did not graduate from HS,3,6,South,"NA",TRUE,non-metropolitan,FALSE,501
20191009190013,4,2019,16,male,white,100000,FALSE,Did not graduate from HS,2,5,South,"NA",TRUE,metropolitan,FALSE,502
20191110191917,4,2019,38,male,white,75000,TRUE,Bachelors,2,3,Midwest,employed,FALSE,metropolitan,FALSE,503
20191009191341,4,2019,31,female,white,100000,TRUE,Some college,4,8,Midwest,employed,FALSE,metropolitan,FALSE,504
20191110192431,4,2019,52,male,white,60000,TRUE,Some college,2,2,South,employed,FALSE,metropolitan,FALSE,506
20191110191917,4,2019,38,male,white,75000,TRUE,Bachelors,2,3,Midwest,employed,FALSE,metropolitan,FALSE,507
20191211191751,4,2019,40,female,white,150000,TRUE,Bachelors,2,8,Midwest,employed,FALSE,metropolitan,FALSE,508
20191211190789,4,2019,39,female,white,100000,TRUE,Masters,2,4,South,employed,FALSE,metropolitan,FALSE,510
20191008191318,4,2019,31,female,white,25000,FALSE,Some college,1,5,South,"NA",FALSE,non-metropolitan,FALSE,511
20191210191647,4,2019,42,male,white,7500,TRUE,HS,3,8,South,not employed,FALSE,metropolitan,FALSE,512
20191211191783,4,2019,17,female,white,7500,FALSE,Did not graduate from HS,3,6,South,"NA",TRUE,non-metropolitan,FALSE,513
20191009192352,4,2019,15,female,white,30000,FALSE,Did not graduate from HS,6,7,South,"NA",TRUE,metropolitan,FALSE,514
20191210191255,4,2019,32,male,white,50000,TRUE,Did not graduate from HS,2,9,South,not employed,FALSE,metropolitan,FALSE,515
20191110191915,4,2019,40,female,white,75000,TRUE,Bachelors,2,5,South,employed,FALSE,metropolitan,FALSE,516
20191110190774,4,2019,35,female,asian,25000,TRUE,Bachelors,2,2,Northeast,employed,FALSE,metropolitan,FALSE,517
20191009192254,4,2019,40,female,black,20000,FALSE,Some college,2,3,South,"NA",FALSE,metropolitan,FALSE,518
20191211191453,4,2019,37,female,white,100000,TRUE,HS,2,1,Midwest,employed,FALSE,metropolitan,FALSE,519
20191008191234,4,2019,45,female,white,100000,TRUE,Some college,2,8,West,employed,FALSE,metropolitan,FALSE,520
20191210191346,4,2019,33,male,white,75000,TRUE,Some college,1,0,South,employed,FALSE,metropolitan,FALSE,521
20191211190704,4,2019,59,female,white,75000,TRUE,HS,1,11,South,employed,FALSE,metropolitan,FALSE,522
20191210191635,4,2019,38,female,white,150000,TRUE,Masters,3,3,West,employed,FALSE,metropolitan,FALSE,523
20191211191787,4,2019,36,female,white,40000,FALSE,HS,2,2,Midwest,"NA",FALSE,metropolitan,FALSE,524
20191210191647,4,2019,42,male,white,7500,TRUE,HS,3,8,South,not employed,FALSE,metropolitan,FALSE,525
20191211191656,4,2019,47,male,white,150000,TRUE,HS,2,7,Northeast,employed,FALSE,metropolitan,FALSE,526
20191009191767,4,2019,28,male,white,75000,TRUE,Bachelors,2,0,South,employed,FALSE,metropolitan,FALSE,527
20191009190081,4,2019,31,female,white,5000,FALSE,HS,1,6,Northeast,"NA",TRUE,metropolitan,FALSE,529
20191009192101,4,2019,18,male,white,10000,FALSE,Did not graduate from HS,3,2,South,"NA",TRUE,metropolitan,FALSE,530
20191110190162,4,2019,22,male,white,40000,TRUE,HS,1,1,Midwest,employed,FALSE,metropolitan,FALSE,531
20191110190162,4,2019,22,male,white,40000,TRUE,HS,1,1,Midwest,employed,FALSE,metropolitan,FALSE,532
20191008191436,4,2019,25,male,black,15000,FALSE,Some college,2,10,Northeast,"NA",TRUE,metropolitan,FALSE,533
20191110190879,4,2019,16,male,white,30000,FALSE,Did not graduate from HS,4,4,West,"NA",TRUE,metropolitan,FALSE,534
20191008190034,4,2019,22,female,white,35000,TRUE,Some college,1,5,South,employed,FALSE,metropolitan,FALSE,535
20191009192352,4,2019,15,female,white,30000,FALSE,Did not graduate from HS,6,7,South,"NA",TRUE,metropolitan,FALSE,536
20191110190879,4,2019,16,male,white,30000,FALSE,Did not graduate from HS,4,4,West,"NA",TRUE,metropolitan,FALSE,538
20191211192200,4,2019,37,female,white,50000,TRUE,Some college,2,1,South,employed,FALSE,non-metropolitan,FALSE,539
20191211191044,4,2019,31,female,white,40000,TRUE,Bachelors,1,2,South,employed,FALSE,metropolitan,FALSE,540
20191008192036,4,2019,41,female,black,35000,FALSE,Did not graduate from HS,3,9,Northeast,"NA",FALSE,metropolitan,FALSE,541
20191211191361,4,2019,38,male,white,150000,TRUE,Masters,2,2,South,employed,FALSE,metropolitan,FALSE,542
20191010191890,4,2019,31,female,white,50000,TRUE,Some college,1,1,Midwest,employed,FALSE,non-metropolitan,FALSE,543
20191211190050,4,2019,38,female,black,75000,TRUE,Some college,1,10,Northeast,employed,FALSE,metropolitan,FALSE,544
20191111191286,4,2019,33,female,white,60000,FALSE,Some college,1,2,Midwest,"NA",FALSE,metropolitan,FALSE,545
20191009191790,4,2019,48,female,white,5000,FALSE,Bachelors,2,12,South,"NA",FALSE,metropolitan,FALSE,546
20191109192245,4,2019,39,male,white,150000,TRUE,Bachelors,1,8,South,employed,FALSE,metropolitan,FALSE,547
20191009191767,4,2019,28,male,white,75000,TRUE,Bachelors,2,0,South,employed,FALSE,metropolitan,FALSE,548
20191009190681,4,2019,42,female,black,60000,FALSE,Some college,2,9,South,"NA",FALSE,metropolitan,FALSE,550
20191109191457,4,2019,49,male,white,40000,TRUE,Some college,2,7,South,not employed,FALSE,metropolitan,FALSE,551
20191110190171,4,2019,46,female,white,30000,FALSE,HS,1,12,South,"NA",FALSE,metropolitan,FALSE,553
20191008191484,4,2019,31,female,white,0,FALSE,Did not graduate from HS,4,0,South,"NA",FALSE,metropolitan,FALSE,554
20191009191385,4,2019,39,male,white,150000,TRUE,Bachelors,2,3,West,employed,FALSE,metropolitan,FALSE,555
20191109191308,4,2019,34,male,white,150000,TRUE,Masters,1,1,West,not employed,FALSE,metropolitan,FALSE,556
20191211191411,4,2019,59,male,white,150000,TRUE,Masters,2,11,West,employed,FALSE,metropolitan,FALSE,557
20191008191270,4,2019,37,male,white,100000,TRUE,Bachelors,2,0,South,employed,FALSE,metropolitan,FALSE,558
20191008191318,4,2019,31,female,white,25000,FALSE,Some college,1,5,South,"NA",FALSE,non-metropolitan,FALSE,559
20191211191656,4,2019,47,male,white,150000,TRUE,HS,2,7,Northeast,employed,FALSE,metropolitan,FALSE,560
20191009192287,4,2019,30,male,white,35000,TRUE,Some college,4,2,Midwest,not employed,FALSE,metropolitan,FALSE,561
20191110191327,4,2019,57,male,white,75000,TRUE,Did not graduate from HS,1,3,South,not employed,FALSE,metropolitan,FALSE,562
20191210191818,4,2019,39,female,white,100000,TRUE,Bachelors,2,4,West,employed,FALSE,metropolitan,FALSE,563
20191008191484,4,2019,31,female,white,0,FALSE,Did not graduate from HS,4,0,South,"NA",FALSE,metropolitan,FALSE,564
20191210191204,4,2019,43,male,white,150000,TRUE,Bachelors,2,9,Midwest,employed,FALSE,metropolitan,FALSE,565
20191211192480,4,2019,47,male,white,100000,TRUE,HS,2,12,Midwest,not employed,FALSE,metropolitan,FALSE,566
20191009191318,4,2019,32,female,white,60000,TRUE,HS,5,2,Midwest,employed,FALSE,metropolitan,FALSE,568
20191009192334,4,2019,35,female,white,100000,TRUE,Masters,2,0,Midwest,employed,FALSE,metropolitan,FALSE,569
20191211191480,4,2019,42,male,white,50000,TRUE,Some college,1,6,Midwest,employed,FALSE,non-metropolitan,FALSE,570
20191110190789,4,2019,45,male,white,100000,TRUE,Masters,2,9,South,employed,FALSE,metropolitan,FALSE,571
20191211191303,4,2019,54,female,white,150000,TRUE,Bachelors,1,12,Northeast,employed,FALSE,metropolitan,FALSE,572
20191211191361,4,2019,38,male,white,150000,TRUE,Masters,2,2,South,employed,FALSE,metropolitan,FALSE,573
20191009191926,4,2019,29,female,white,75000,TRUE,Some college,1,1,South,employed,FALSE,metropolitan,FALSE,574
20191009191215,4,2019,44,female,white,150000,TRUE,Bachelors,2,10,Midwest,employed,FALSE,metropolitan,FALSE,575
20191009191926,4,2019,29,female,white,75000,TRUE,Some college,1,1,South,employed,FALSE,metropolitan,FALSE,576
20191210191204,4,2019,43,male,white,150000,TRUE,Bachelors,2,9,Midwest,employed,FALSE,metropolitan,FALSE,577
20191111191582,4,2019,50,male,white,60000,TRUE,Bachelors,2,10,Northeast,employed,FALSE,non-metropolitan,FALSE,578
20191009191599,4,2019,33,female,other,75000,TRUE,Some college,5,4,West,employed,TRUE,metropolitan,FALSE,579
20191008192404,4,2019,33,female,white,50000,TRUE,HS,1,3,West,employed,FALSE,metropolitan,FALSE,580
20191210192072,4,2019,37,male,white,60000,TRUE,Bachelors,3,5,South,not employed,FALSE,metropolitan,FALSE,581
20191110190166,4,2019,30,female,white,15000,FALSE,Did not graduate from HS,4,0,Midwest,"NA",FALSE,metropolitan,FALSE,582
20191110191412,4,2019,49,female,white,100000,TRUE,Bachelors,2,12,West,employed,FALSE,metropolitan,FALSE,583
20191010191561,4,2019,30,female,white,50000,TRUE,Some college,1,9,West,employed,FALSE,metropolitan,FALSE,584
20191210191389,4,2019,36,female,white,30000,FALSE,Some college,1,8,Midwest,"NA",FALSE,non-metropolitan,FALSE,585
20191009192478,4,2019,42,male,white,150000,TRUE,Bachelors,2,7,Northeast,employed,FALSE,metropolitan,FALSE,586
20191110190545,4,2019,28,male,white,75000,TRUE,Some college,1,2,South,employed,FALSE,metropolitan,FALSE,587
20191110190976,4,2019,28,female,white,75000,TRUE,Bachelors,2,0,West,employed,FALSE,metropolitan,FALSE,588
20191009191267,4,2019,39,male,white,150000,TRUE,Bachelors,2,2,Northeast,employed,FALSE,metropolitan,FALSE,589
20191211190953,4,2019,41,female,white,100000,TRUE,Bachelors,1,7,South,employed,FALSE,metropolitan,FALSE,590
20191009191541,4,2019,40,male,asian,100000,TRUE,Bachelors,3,3,West,not employed,TRUE,metropolitan,FALSE,591
20191110192098,4,2019,48,female,white,100000,TRUE,Masters,3,5,South,employed,FALSE,metropolitan,FALSE,592
20191210192180,4,2019,35,male,white,100000,TRUE,HS,1,5,South,employed,FALSE,non-metropolitan,FALSE,594
20191211191900,4,2019,37,female,other,20000,TRUE,HS,3,5,South,employed,FALSE,non-metropolitan,FALSE,595
20191110191915,4,2019,40,female,white,75000,TRUE,Bachelors,2,5,South,employed,FALSE,metropolitan,FALSE,596
20191009190550,4,2019,36,female,white,100000,TRUE,Bachelors,1,2,South,employed,FALSE,metropolitan,FALSE,597
20191110192493,4,2019,38,male,white,75000,TRUE,HS,2,7,Northeast,employed,FALSE,metropolitan,FALSE,598
20191110191097,4,2019,33,female,white,150000,TRUE,Bachelors,1,6,South,employed,FALSE,metropolitan,FALSE,599
20191009192334,4,2019,35,female,white,100000,TRUE,Masters,2,0,Midwest,employed,FALSE,metropolitan,FALSE,600
20191210191204,4,2019,43,male,white,150000,TRUE,Bachelors,2,9,Midwest,employed,FALSE,metropolitan,FALSE,601
20191109192245,4,2019,39,male,white,150000,TRUE,Bachelors,1,8,South,employed,FALSE,metropolitan,FALSE,602
20191212191102,4,2019,35,female,black,75000,FALSE,Some college,1,9,South,"NA",FALSE,metropolitan,FALSE,603
20191109190783,4,2019,38,male,white,150000,TRUE,Bachelors,1,1,West,employed,FALSE,metropolitan,FALSE,604
20191210191255,4,2019,32,male,white,50000,TRUE,Did not graduate from HS,2,9,South,not employed,FALSE,metropolitan,FALSE,605
20191009191048,4,2019,46,male,white,150000,TRUE,Some college,2,9,South,employed,FALSE,metropolitan,FALSE,606
20191211191029,4,2019,37,female,white,75000,TRUE,Some college,4,6,Midwest,employed,FALSE,metropolitan,FALSE,607
20191009191030,4,2019,51,male,white,150000,TRUE,Masters,2,12,Midwest,employed,FALSE,metropolitan,FALSE,608
20191210190811,4,2019,34,female,black,100000,TRUE,Masters,1,2,Northeast,employed,FALSE,metropolitan,FALSE,609
20191212190908,4,2019,45,female,white,75000,TRUE,Bachelors,2,7,West,employed,FALSE,metropolitan,FALSE,610
20191008192428,4,2019,41,male,other,30000,TRUE,Did not graduate from HS,2,7,South,employed,FALSE,metropolitan,FALSE,612
20191009191777,4,2019,36,male,white,150000,TRUE,Bachelors,1,0,South,employed,FALSE,metropolitan,FALSE,613
20191210191818,4,2019,39,female,white,100000,TRUE,Bachelors,2,4,West,employed,FALSE,metropolitan,FALSE,614
